rebalance_date,top5,bought_funds,sold_funds,sold_fund,units,buy_nav,buy_date,sell_nav,sell_date,profit_loss,portfolio_value,portfolio_value_breakdown
2019-01-01,"Axis Flexi Cap Fund (9.58%), UTI - Flexi Cap Fund. (5.07%), Canara Robeco Flexi Cap Fund (2.44%), Kotak Flexicap Fund (1.09%), Parag Parikh Flexi Cap Fund (0.58%)","Axis Flexi Cap Fund, UTI - Flexi Cap Fund., Canara Robeco Flexi Cap Fund, Kotak Flexicap Fund, Parag Parikh Flexi Cap Fund",,,,,,,,,1000000.0,"[{""fund"": ""CASH"", ""units"": """", ""nav"": """", ""value"": 1000000}]"
2019-04-01,"HDFC Flexi Cap Fund (16.59%), Axis Flexi Cap Fund (15.26%), Canara Robeco Flexi Cap Fund (14.01%), Kotak Flexicap Fund (12.93%), UTI - Flexi Cap Fund. (12.87%)",HDFC Flexi Cap Fund,Parag Parikh Flexi Cap Fund,Parag Parikh Flexi Cap Fund,8284.63,24.14,2019-01-01 00:00:00,25.71,2019-04-01 00:00:00,12997.75,1061957.89,"[{""fund"": ""Axis Flexi Cap Fund"", ""units"": 18018.018018018018, ""nav"": 11.63, ""value"": 209549.54954954956}, {""fund"": ""UTI - Flexi Cap Fund."", ""units"": 1432.8371895758228, ""nav"": 147.9306, ""value"": 211960.4651562652}, {""fund"": ""Canara Robeco Flexi Cap Fund"", ""units"": 1527.7671682835537, ""nav"": 140.11, ""value"": 214055.45794820873}, {""fund"": ""Kotak Flexicap Fund"", ""units"": 5644.615037254459, ""nav"": 37.805, ""value"": 213394.67148340482}, {""fund"": ""Parag Parikh Flexi Cap Fund"", ""units"": 8284.626632589236, ""nav"": 25.71, ""value"": 212997.75072386925}]"
2019-07-01,"HDFC Flexi Cap Fund (19.27%), Kotak Flexicap Fund (12.27%), Axis Flexi Cap Fund (12.16%), Canara Robeco Flexi Cap Fund (11.65%), LIC MF Flexi Cap Fund (11.58%)",LIC MF Flexi Cap Fund,UTI - Flexi Cap Fund.,UTI - Flexi Cap Fund.,1435.75,139.58,2019-01-01 00:00:00,146.59,2019-07-01 00:00:00,10055.72,1087806.83,"[{""fund"": ""HDFC Flexi Cap Fund"", ""units"": 295.5227076912132, ""nav"": 736.955, ""value"": 217786.93704657804}, {""fund"": ""Axis Flexi Cap Fund"", ""units"": 18262.38856167322, ""nav"": 12.27, ""value"": 224079.50765173038}, {""fund"": ""Canara Robeco Flexi Cap Fund"", ""units"": 1515.8916492203234, ""nav"": 143.37, ""value"": 217333.3857487178}, {""fund"": ""Kotak Flexicap Fund"", ""units"": 5618.081708034903, ""nav"": 38.829, ""value"": 218144.49464128728}, {""fund"": ""UTI - Flexi Cap Fund."", ""units"": 1435.751487334328, ""nav"": 146.587, ""value"": 210462.5032738771}]"
2019-10-01,"Axis Flexi Cap Fund (18.33%), DSP Flexi Cap Fund (16.14%), JM Flexicap Fund (15.69%), Tata Flexi Cap Fund (11.53%), Navi Flexi Cap Fund (10.38%)","DSP Flexi Cap Fund, JM Flexicap Fund, Tata Flexi Cap Fund, Navi Flexi Cap Fund","HDFC Flexi Cap Fund, LIC MF Flexi Cap Fund, Kotak Flexicap Fund, Canara Robeco Flexi Cap Fund",HDFC Flexi Cap Fund,295.22,718.7,2019-04-01 00:00:00,667.84,2019-10-01 00:00:00,-15012.95,1063052.25,"[{""fund"": ""HDFC Flexi Cap Fund"", ""units"": 295.21662200872254, ""nav"": 667.844, ""value"": 197158.64970879332}, {""fund"": ""Kotak Flexicap Fund"", ""units"": 5603.063835598086, ""nav"": 37.613, ""value"": 210748.0400483508}, {""fund"": ""Axis Flexi Cap Fund"", ""units"": 17731.162646490473, ""nav"": 12.72, ""value"": 225540.38886335882}, {""fund"": ""Canara Robeco Flexi Cap Fund"", ""units"": 1517.4818000449056, ""nav"": 139.39, ""value"": 211521.78810825938}, {""fund"": ""LIC MF Flexi Cap Fund"", ""units"": 4353.796053120103, ""nav"": 50.0904, ""value"": 218083.38581920724}]"
2019-10-01,"Axis Flexi Cap Fund (18.33%), DSP Flexi Cap Fund (16.14%), JM Flexicap Fund (15.69%), Tata Flexi Cap Fund (11.53%), Navi Flexi Cap Fund (10.38%)","DSP Flexi Cap Fund, JM Flexicap Fund, Tata Flexi Cap Fund, Navi Flexi Cap Fund","HDFC Flexi Cap Fund, LIC MF Flexi Cap Fund, Kotak Flexicap Fund, Canara Robeco Flexi Cap Fund",LIC MF Flexi Cap Fund,4353.8,49.97,2019-07-01 00:00:00,50.09,2019-10-01 00:00:00,522.02,1063052.25,"[{""fund"": ""HDFC Flexi Cap Fund"", ""units"": 295.21662200872254, ""nav"": 667.844, ""value"": 197158.64970879332}, {""fund"": ""Kotak Flexicap Fund"", ""units"": 5603.063835598086, ""nav"": 37.613, ""value"": 210748.0400483508}, {""fund"": ""Axis Flexi Cap Fund"", ""units"": 17731.162646490473, ""nav"": 12.72, ""value"": 225540.38886335882}, {""fund"": ""Canara Robeco Flexi Cap Fund"", ""units"": 1517.4818000449056, ""nav"": 139.39, ""value"": 211521.78810825938}, {""fund"": ""LIC MF Flexi Cap Fund"", ""units"": 4353.796053120103, ""nav"": 50.0904, ""value"": 218083.38581920724}]"
2019-10-01,"Axis Flexi Cap Fund (18.33%), DSP Flexi Cap Fund (16.14%), JM Flexicap Fund (15.69%), Tata Flexi Cap Fund (11.53%), Navi Flexi Cap Fund (10.38%)","DSP Flexi Cap Fund, JM Flexicap Fund, Tata Flexi Cap Fund, Navi Flexi Cap Fund","HDFC Flexi Cap Fund, LIC MF Flexi Cap Fund, Kotak Flexicap Fund, Canara Robeco Flexi Cap Fund",Kotak Flexicap Fund,5603.06,35.43,2019-01-01 00:00:00,37.61,2019-10-01 00:00:00,12220.28,1063052.25,"[{""fund"": ""HDFC Flexi Cap Fund"", ""units"": 295.21662200872254, ""nav"": 667.844, ""value"": 197158.64970879332}, {""fund"": ""Kotak Flexicap Fund"", ""units"": 5603.063835598086, ""nav"": 37.613, ""value"": 210748.0400483508}, {""fund"": ""Axis Flexi Cap Fund"", ""units"": 17731.162646490473, ""nav"": 12.72, ""value"": 225540.38886335882}, {""fund"": ""Canara Robeco Flexi Cap Fund"", ""units"": 1517.4818000449056, ""nav"": 139.39, ""value"": 211521.78810825938}, {""fund"": ""LIC MF Flexi Cap Fund"", ""units"": 4353.796053120103, ""nav"": 50.0904, ""value"": 218083.38581920724}]"
2019-10-01,"Axis Flexi Cap Fund (18.33%), DSP Flexi Cap Fund (16.14%), JM Flexicap Fund (15.69%), Tata Flexi Cap Fund (11.53%), Navi Flexi Cap Fund (10.38%)","DSP Flexi Cap Fund, JM Flexicap Fund, Tata Flexi Cap Fund, Navi Flexi Cap Fund","HDFC Flexi Cap Fund, LIC MF Flexi Cap Fund, Kotak Flexicap Fund, Canara Robeco Flexi Cap Fund",Canara Robeco Flexi Cap Fund,1517.48,130.91,2019-01-01 00:00:00,139.39,2019-10-01 00:00:00,12868.25,1063052.25,"[{""fund"": ""HDFC Flexi Cap Fund"", ""units"": 295.21662200872254, ""nav"": 667.844, ""value"": 197158.64970879332}, {""fund"": ""Kotak Flexicap Fund"", ""units"": 5603.063835598086, ""nav"": 37.613, ""value"": 210748.0400483508}, {""fund"": ""Axis Flexi Cap Fund"", ""units"": 17731.162646490473, ""nav"": 12.72, ""value"": 225540.38886335882}, {""fund"": ""Canara Robeco Flexi Cap Fund"", ""units"": 1517.4818000449056, ""nav"": 139.39, ""value"": 211521.78810825938}, {""fund"": ""LIC MF Flexi Cap Fund"", ""units"": 4353.796053120103, ""nav"": 50.0904, ""value"": 218083.38581920724}]"
2020-01-01,"Axis Flexi Cap Fund (18.74%), DSP Flexi Cap Fund (17.74%), JM Flexicap Fund (17.24%), Parag Parikh Flexi Cap Fund (15.16%), Navi Flexi Cap Fund (15.05%)",Parag Parikh Flexi Cap Fund,Tata Flexi Cap Fund,Tata Flexi Cap Fund,19363.08,10.98,2019-10-01 00:00:00,11.53,2020-01-01 00:00:00,10591.6,1114137.02,"[{""fund"": ""Axis Flexi Cap Fund"", ""units"": 16714.658058930338, ""nav"": 13.18, ""value"": 220299.19321670185}, {""fund"": ""DSP Flexi Cap Fund"", ""units"": 4975.322362333417, ""nav"": 44.854, ""value"": 223163.10924010308}, {""fund"": ""JM Flexicap Fund"", ""units"": 5861.057599003005, ""nav"": 37.6245, ""value"": 220519.36163368853}, {""fund"": ""Tata Flexi Cap Fund"", ""units"": 19363.07631095917, ""nav"": 11.5272, ""value"": 223202.05325168857}, {""fund"": ""Navi Flexi Cap Fund"", ""units"": 19615.500697450287, ""nav"": 11.5701, ""value"": 226953.30461956956}]"
2020-04-01,"Axis Flexi Cap Fund (-10.58%), Parag Parikh Flexi Cap Fund (-16.29%), JM Flexicap Fund (-18.34%), Canara Robeco Flexi Cap Fund (-18.44%), LIC MF Flexi Cap Fund (-18.45%)","Canara Robeco Flexi Cap Fund, LIC MF Flexi Cap Fund","Navi Flexi Cap Fund, DSP Flexi Cap Fund",Navi Flexi Cap Fund,19258.9,10.84,2019-10-01 00:00:00,8.03,2020-04-01 00:00:00,-54007.73,829434.11,"[{""fund"": ""Axis Flexi Cap Fund"", ""units"": 16906.47984767453, ""nav"": 10.4, ""value"": 175827.39041581514}, {""fund"": ""DSP Flexi Cap Fund"", ""units"": 4967.8379719166705, ""nav"": 33.255, ""value"": 165205.45175608888}, {""fund"": ""JM Flexicap Fund"", ""units"": 5922.401743341448, ""nav"": 27.2145, ""value"": 161175.20224416585}, {""fund"": ""Parag Parikh Flexi Cap Fund"", ""units"": 8014.855311251441, ""nav"": 21.5211, ""value"": 172488.50263897338}, {""fund"": ""Navi Flexi Cap Fund"", ""units"": 19258.90047556636, ""nav"": 8.0346, ""value"": 154737.56176098547}]"
2020-04-01,"Axis Flexi Cap Fund (-10.58%), Parag Parikh Flexi Cap Fund (-16.29%), JM Flexicap Fund (-18.34%), Canara Robeco Flexi Cap Fund (-18.44%), LIC MF Flexi Cap Fund (-18.45%)","Canara Robeco Flexi Cap Fund, LIC MF Flexi Cap Fund","Navi Flexi Cap Fund, DSP Flexi Cap Fund",DSP Flexi Cap Fund,4967.84,42.73,2019-10-01 00:00:00,33.26,2020-04-01 00:00:00,-47085.17,829434.11,"[{""fund"": ""Axis Flexi Cap Fund"", ""units"": 16906.47984767453, ""nav"": 10.4, ""value"": 175827.39041581514}, {""fund"": ""DSP Flexi Cap Fund"", ""units"": 4967.8379719166705, ""nav"": 33.255, ""value"": 165205.45175608888}, {""fund"": ""JM Flexicap Fund"", ""units"": 5922.401743341448, ""nav"": 27.2145, ""value"": 161175.20224416585}, {""fund"": ""Parag Parikh Flexi Cap Fund"", ""units"": 8014.855311251441, ""nav"": 21.5211, ""value"": 172488.50263897338}, {""fund"": ""Navi Flexi Cap Fund"", ""units"": 19258.90047556636, ""nav"": 8.0346, ""value"": 154737.56176098547}]"
2020-07-01,"Parag Parikh Flexi Cap Fund (7.4%), PGIM India Flexi Cap Fund (-0.89%), Axis Flexi Cap Fund (-2.77%), Quant Flexi Cap Fund (-3.0%), UTI - Flexi Cap Fund. (-3.36%)","PGIM India Flexi Cap Fund, Quant Flexi Cap Fund, UTI - Flexi Cap Fund.","JM Flexicap Fund, LIC MF Flexi Cap Fund, Canara Robeco Flexi Cap Fund",JM Flexicap Fund,6095.53,36.28,2019-10-01 00:00:00,32.39,2020-07-01 00:00:00,-23671.38,1001271.38,"[{""fund"": ""Axis Flexi Cap Fund"", ""units"": 15950.655938769783, ""nav"": 11.93, ""value"": 190291.3253495235}, {""fund"": ""Parag Parikh Flexi Cap Fund"", ""units"": 7708.101433625871, ""nav"": 28.1744, ""value"": 217171.13303154873}, {""fund"": ""JM Flexicap Fund"", ""units"": 6095.530756148588, ""nav"": 32.3917, ""value"": 197444.60359393823}, {""fund"": ""Canara Robeco Flexi Cap Fund"", ""units"": 1451.5822695415275, ""nav"": 138.11, ""value"": 200478.02724638037}, {""fund"": ""LIC MF Flexi Cap Fund"", ""units"": 4193.911689863674, ""nav"": 46.7073, ""value"": 195886.29147196957}]"
2020-07-01,"Parag Parikh Flexi Cap Fund (7.4%), PGIM India Flexi Cap Fund (-0.89%), Axis Flexi Cap Fund (-2.77%), Quant Flexi Cap Fund (-3.0%), UTI - Flexi Cap Fund. (-3.36%)","PGIM India Flexi Cap Fund, Quant Flexi Cap Fund, UTI - Flexi Cap Fund.","JM Flexicap Fund, LIC MF Flexi Cap Fund, Canara Robeco Flexi Cap Fund",LIC MF Flexi Cap Fund,4193.91,39.55,2020-04-01 00:00:00,46.71,2020-07-01 00:00:00,29999.47,1001271.38,"[{""fund"": ""Axis Flexi Cap Fund"", ""units"": 15950.655938769783, ""nav"": 11.93, ""value"": 190291.3253495235}, {""fund"": ""Parag Parikh Flexi Cap Fund"", ""units"": 7708.101433625871, ""nav"": 28.1744, ""value"": 217171.13303154873}, {""fund"": ""JM Flexicap Fund"", ""units"": 6095.530756148588, ""nav"": 32.3917, ""value"": 197444.60359393823}, {""fund"": ""Canara Robeco Flexi Cap Fund"", ""units"": 1451.5822695415275, ""nav"": 138.11, ""value"": 200478.02724638037}, {""fund"": ""LIC MF Flexi Cap Fund"", ""units"": 4193.911689863674, ""nav"": 46.7073, ""value"": 195886.29147196957}]"
2020-07-01,"Parag Parikh Flexi Cap Fund (7.4%), PGIM India Flexi Cap Fund (-0.89%), Axis Flexi Cap Fund (-2.77%), Quant Flexi Cap Fund (-3.0%), UTI - Flexi Cap Fund. (-3.36%)","PGIM India Flexi Cap Fund, Quant Flexi Cap Fund, UTI - Flexi Cap Fund.","JM Flexicap Fund, LIC MF Flexi Cap Fund, Canara Robeco Flexi Cap Fund",Canara Robeco Flexi Cap Fund,1451.58,114.28,2020-04-01 00:00:00,138.11,2020-07-01 00:00:00,34591.21,1001271.38,"[{""fund"": ""Axis Flexi Cap Fund"", ""units"": 15950.655938769783, ""nav"": 11.93, ""value"": 190291.3253495235}, {""fund"": ""Parag Parikh Flexi Cap Fund"", ""units"": 7708.101433625871, ""nav"": 28.1744, ""value"": 217171.13303154873}, {""fund"": ""JM Flexicap Fund"", ""units"": 6095.530756148588, ""nav"": 32.3917, ""value"": 197444.60359393823}, {""fund"": ""Canara Robeco Flexi Cap Fund"", ""units"": 1451.5822695415275, ""nav"": 138.11, ""value"": 200478.02724638037}, {""fund"": ""LIC MF Flexi Cap Fund"", ""units"": 4193.911689863674, ""nav"": 46.7073, ""value"": 195886.29147196957}]"
2020-10-01,"Quant Flexi Cap Fund (30.59%), Parag Parikh Flexi Cap Fund (25.72%), PGIM India Flexi Cap Fund (19.53%), UTI - Flexi Cap Fund. (13.21%), Canara Robeco Flexi Cap Fund (10.78%)",Canara Robeco Flexi Cap Fund,Axis Flexi Cap Fund,Axis Flexi Cap Fund,16785.77,11.1,2019-01-01 00:00:00,12.9,2020-10-01 00:00:00,30214.39,1165021.34,"[{""fund"": ""Parag Parikh Flexi Cap Fund"", ""units"": 7107.6678168362805, ""nav"": 32.9793, ""value"": 234405.90923178877}, {""fund"": ""PGIM India Flexi Cap Fund"", ""units"": 13887.259094221365, ""nav"": 16.71, ""value"": 232056.099464439}, {""fund"": ""Axis Flexi Cap Fund"", ""units"": 16785.773356133453, ""nav"": 12.9, ""value"": 216536.47629412156}, {""fund"": ""Quant Flexi Cap Fund"", ""units"": 7703.450461953734, ""nav"": 32.5691, ""value"": 250894.44844041736}, {""fund"": ""UTI - Flexi Cap Fund."", ""units"": 1413.5602614778084, ""nav"": 163.508, ""value"": 231128.4112337135}]"
2021-01-01,"Quant Flexi Cap Fund (50.17%), PGIM India Flexi Cap Fund (39.45%), Parag Parikh Flexi Cap Fund (33.47%), UTI - Flexi Cap Fund. (33.0%), Canara Robeco Flexi Cap Fund (24.03%)",,,,,,,,,,1404365.64,"[{""fund"": ""Quant Flexi Cap Fund"", ""units"": 7154.151294720949, ""nav"": 39.0482, ""value"": 279356.7305865226}, {""fund"": ""Parag Parikh Flexi Cap Fund"", ""units"": 7065.167208912743, ""nav"": 37.1077, ""value"": 262172.1052381714}, {""fund"": ""PGIM India Flexi Cap Fund"", ""units"": 13944.001731471935, ""nav"": 20.68, ""value"": 288361.9558068396}, {""fund"": ""UTI - Flexi Cap Fund."", ""units"": 1425.032835903418, ""nav"": 208.5648, ""value"": 297211.68841362913}, {""fund"": ""Canara Robeco Flexi Cap Fund"", ""units"": 1508.9972730580666, ""nav"": 183.74, ""value"": 277263.1589516892}]"
2021-04-01,"Quant Flexi Cap Fund (118.02%), PGIM India Flexi Cap Fund (106.68%), Franklin India Flexi Cap Fund (95.65%), UTI - Flexi Cap Fund. (91.04%), Parag Parikh Flexi Cap Fund (87.7%)",Franklin India Flexi Cap Fund,Canara Robeco Flexi Cap Fund,Canara Robeco Flexi Cap Fund,1528.64,154.41,2020-10-01 00:00:00,197.27,2021-04-01 00:00:00,65517.7,1521765.04,"[{""fund"": ""Quant Flexi Cap Fund"", ""units"": 7192.985279715082, ""nav"": 42.8113, ""value"": 307941.0507054663}, {""fund"": ""PGIM India Flexi Cap Fund"", ""units"": 13581.872717571105, ""nav"": 22.59, ""value"": 306814.50468993123}, {""fund"": ""Parag Parikh Flexi Cap Fund"", ""units"": 7569.133301157723, ""nav"": 40.3943, ""value"": 305749.8413069554}, {""fund"": ""UTI - Flexi Cap Fund."", ""units"": 1346.6947816667553, ""nav"": 222.5478, ""value"": 299703.9609314167}, {""fund"": ""Canara Robeco Flexi Cap Fund"", ""units"": 1528.6444312581389, ""nav"": 197.27, ""value"": 301555.68695429305}]"
2021-07-01,"Quant Flexi Cap Fund (112.97%), PGIM India Flexi Cap Fund (79.26%), BANK OF INDIA FLEXI CAP FUND (76.69%), UTI - Flexi Cap Fund. (70.49%), Franklin India Flexi Cap Fund (66.05%)",BANK OF INDIA FLEXI CAP FUND,Parag Parikh Flexi Cap Fund,Parag Parikh Flexi Cap Fund,7534.55,27.8,2020-01-01 00:00:00,45.41,2021-07-01 00:00:00,132643.55,1745319.62,"[{""fund"": ""Quant Flexi Cap Fund"", ""units"": 7109.174655233839, ""nav"": 55.3629, ""value"": 393584.52552024554}, {""fund"": ""PGIM India Flexi Cap Fund"", ""units"": 13472.90876129316, ""nav"": 25.85, ""value"": 348274.6914794282}, {""fund"": ""Franklin India Flexi Cap Fund"", ""units"": 363.3750346896603, ""nav"": 910.9821, ""value"": 331028.1521891596}, {""fund"": ""UTI - Flexi Cap Fund."", ""units"": 1367.5848915047127, ""nav"": 241.5313, ""value"": 330314.5567054922}, {""fund"": ""Parag Parikh Flexi Cap Fund"", ""units"": 7534.553363162933, ""nav"": 45.4065, ""value"": 342117.69728445774}]"
2021-10-01,"Quant Flexi Cap Fund (88.49%), PGIM India Flexi Cap Fund (75.16%), Franklin India Flexi Cap Fund (74.5%), HDFC Flexi Cap Fund (74.08%), UTI - Flexi Cap Fund. (67.95%)",HDFC Flexi Cap Fund,BANK OF INDIA FLEXI CAP FUND,BANK OF INDIA FLEXI CAP FUND,19676.66,17.74,2021-07-01 00:00:00,19.5,2021-10-01 00:00:00,34630.92,1955195.37,"[{""fund"": ""Quant Flexi Cap Fund"", ""units"": 6305.015175067719, ""nav"": 61.3884, ""value"": 387054.7935731271}, {""fund"": ""PGIM India Flexi Cap Fund"", ""units"": 13503.440024594067, ""nav"": 29.27, ""value"": 395245.68951986835}, {""fund"": ""BANK OF INDIA FLEXI CAP FUND"", ""units"": 19676.658660414694, ""nav"": 19.5, ""value"": 383694.84387808654}, {""fund"": ""UTI - Flexi Cap Fund."", ""units"": 1445.2119648085225, ""nav"": 274.6174, ""value"": 396880.3522246079}, {""fund"": ""Franklin India Flexi Cap Fund"", ""units"": 383.1731980636685, ""nav"": 1023.8704, ""value"": 392319.6955707275}]"
2022-01-01,"Quant Flexi Cap Fund (57.25%), BANK OF INDIA FLEXI CAP FUND (47.78%), Parag Parikh Flexi Cap Fund (46.76%), PGIM India Flexi Cap Fund (45.6%), Franklin India Flexi Cap Fund (40.59%)","BANK OF INDIA FLEXI CAP FUND, Parag Parikh Flexi Cap Fund","UTI - Flexi Cap Fund., HDFC Flexi Cap Fund",UTI - Flexi Cap Fund.,1423.94,141.67,2020-07-01 00:00:00,279.85,2022-01-01 00:00:00,196768.48,1979473.96,"[{""fund"": ""Quant Flexi Cap Fund"", ""units"": 6369.918013065718, ""nav"": 61.404, ""value"": 391138.44567428733}, {""fund"": ""PGIM India Flexi Cap Fund"", ""units"": 13359.722410429911, ""nav"": 30.11, ""value"": 402261.2417780446}, {""fund"": ""Franklin India Flexi Cap Fund"", ""units"": 381.92243369208006, ""nav"": 1041.4784, ""value"": 397763.96516573365}, {""fund"": ""HDFC Flexi Cap Fund"", ""units"": 374.440501942667, ""nav"": 1041.065, ""value"": 389816.9011549427}, {""fund"": ""UTI - Flexi Cap Fund."", ""units"": 1423.9413633414472, ""nav"": 279.8524, ""value"": 398493.407990376}]"
2022-01-01,"Quant Flexi Cap Fund (57.25%), BANK OF INDIA FLEXI CAP FUND (47.78%), Parag Parikh Flexi Cap Fund (46.76%), PGIM India Flexi Cap Fund (45.6%), Franklin India Flexi Cap Fund (40.59%)","BANK OF INDIA FLEXI CAP FUND, Parag Parikh Flexi Cap Fund","UTI - Flexi Cap Fund., HDFC Flexi Cap Fund",HDFC Flexi Cap Fund,374.44,1044.33,2021-10-01 00:00:00,1041.06,2022-01-01 00:00:00,-1222.17,1979473.96,"[{""fund"": ""Quant Flexi Cap Fund"", ""units"": 6369.918013065718, ""nav"": 61.404, ""value"": 391138.44567428733}, {""fund"": ""PGIM India Flexi Cap Fund"", ""units"": 13359.722410429911, ""nav"": 30.11, ""value"": 402261.2417780446}, {""fund"": ""Franklin India Flexi Cap Fund"", ""units"": 381.92243369208006, ""nav"": 1041.4784, ""value"": 397763.96516573365}, {""fund"": ""HDFC Flexi Cap Fund"", ""units"": 374.440501942667, ""nav"": 1041.065, ""value"": 389816.9011549427}, {""fund"": ""UTI - Flexi Cap Fund."", ""units"": 1423.9413633414472, ""nav"": 279.8524, ""value"": 398493.407990376}]"
2022-04-01,"Quant Flexi Cap Fund (46.99%), BANK OF INDIA FLEXI CAP FUND (33.11%), Parag Parikh Flexi Cap Fund (30.86%), PGIM India Flexi Cap Fund (28.38%), HDFC Flexi Cap Fund (28.06%)",HDFC Flexi Cap Fund,Franklin India Flexi Cap Fund,Franklin India Flexi Cap Fund,380.13,837.57,2021-04-01 00:00:00,1045.26,2022-04-01 00:00:00,78945.95,1956113.75,"[{""fund"": ""Quant Flexi Cap Fund"", ""units"": 6447.377896434708, ""nav"": 62.9304, ""value"": 405736.06997379474}, {""fund"": ""BANK OF INDIA FLEXI CAP FUND"", ""units"": 19162.38104320798, ""nav"": 20.22, ""value"": 387463.34469366533}, {""fund"": ""Parag Parikh Flexi Cap Fund"", ""units"": 7269.71363952611, ""nav"": 52.8609, ""value"": 384283.6057276257}, {""fund"": ""PGIM India Flexi Cap Fund"", ""units"": 13148.282708491426, ""nav"": 29.0, ""value"": 381300.19854625134}, {""fund"": ""Franklin India Flexi Cap Fund"", ""units"": 380.12770341917496, ""nav"": 1045.2554, ""value"": 397330.5346884911}]"
2022-07-01,"HDFC Flexi Cap Fund (9.0%), JM Flexicap Fund (5.86%), Franklin India Flexi Cap Fund (3.24%), Parag Parikh Flexi Cap Fund (3.09%), Navi Flexi Cap Fund (1.45%)","JM Flexicap Fund, Franklin India Flexi Cap Fund, Navi Flexi Cap Fund","BANK OF INDIA FLEXI CAP FUND, Quant Flexi Cap Fund, PGIM India Flexi Cap Fund",BANK OF INDIA FLEXI CAP FUND,19348.31,20.66,2022-01-01 00:00:00,17.55,2022-07-01 00:00:00,-60173.23,1734633.67,"[{""fund"": ""Quant Flexi Cap Fund"", ""units"": 6216.752964004133, ""nav"": 55.4461, ""value"": 344694.70651746955}, {""fund"": ""BANK OF INDIA FLEXI CAP FUND"", ""units"": 19348.306168445386, ""nav"": 17.55, ""value"": 339562.77325621655}, {""fund"": ""Parag Parikh Flexi Cap Fund"", ""units"": 7400.9854301755295, ""nav"": 46.8073, ""value"": 346420.14532585506}, {""fund"": ""PGIM India Flexi Cap Fund"", ""units"": 13490.439680205713, ""nav"": 25.17, ""value"": 339554.3667507778}, {""fund"": ""HDFC Flexi Cap Fund"", ""units"": 354.7948945208286, ""nav"": 1027.077, ""value"": 364401.6758797691}]"
2022-07-01,"HDFC Flexi Cap Fund (9.0%), JM Flexicap Fund (5.86%), Franklin India Flexi Cap Fund (3.24%), Parag Parikh Flexi Cap Fund (3.09%), Navi Flexi Cap Fund (1.45%)","JM Flexicap Fund, Franklin India Flexi Cap Fund, Navi Flexi Cap Fund","BANK OF INDIA FLEXI CAP FUND, Quant Flexi Cap Fund, PGIM India Flexi Cap Fund",Quant Flexi Cap Fund,6216.75,26.0,2020-07-01 00:00:00,55.45,2022-07-01 00:00:00,183087.73,1734633.67,"[{""fund"": ""Quant Flexi Cap Fund"", ""units"": 6216.752964004133, ""nav"": 55.4461, ""value"": 344694.70651746955}, {""fund"": ""BANK OF INDIA FLEXI CAP FUND"", ""units"": 19348.306168445386, ""nav"": 17.55, ""value"": 339562.77325621655}, {""fund"": ""Parag Parikh Flexi Cap Fund"", ""units"": 7400.9854301755295, ""nav"": 46.8073, ""value"": 346420.14532585506}, {""fund"": ""PGIM India Flexi Cap Fund"", ""units"": 13490.439680205713, ""nav"": 25.17, ""value"": 339554.3667507778}, {""fund"": ""HDFC Flexi Cap Fund"", ""units"": 354.7948945208286, ""nav"": 1027.077, ""value"": 364401.6758797691}]"
2022-07-01,"HDFC Flexi Cap Fund (9.0%), JM Flexicap Fund (5.86%), Franklin India Flexi Cap Fund (3.24%), Parag Parikh Flexi Cap Fund (3.09%), Navi Flexi Cap Fund (1.45%)","JM Flexicap Fund, Franklin India Flexi Cap Fund, Navi Flexi Cap Fund","BANK OF INDIA FLEXI CAP FUND, Quant Flexi Cap Fund, PGIM India Flexi Cap Fund",PGIM India Flexi Cap Fund,13490.44,14.42,2020-07-01 00:00:00,25.17,2022-07-01 00:00:00,145022.23,1734633.67,"[{""fund"": ""Quant Flexi Cap Fund"", ""units"": 6216.752964004133, ""nav"": 55.4461, ""value"": 344694.70651746955}, {""fund"": ""BANK OF INDIA FLEXI CAP FUND"", ""units"": 19348.306168445386, ""nav"": 17.55, ""value"": 339562.77325621655}, {""fund"": ""Parag Parikh Flexi Cap Fund"", ""units"": 7400.9854301755295, ""nav"": 46.8073, ""value"": 346420.14532585506}, {""fund"": ""PGIM India Flexi Cap Fund"", ""units"": 13490.439680205713, ""nav"": 25.17, ""value"": 339554.3667507778}, {""fund"": ""HDFC Flexi Cap Fund"", ""units"": 354.7948945208286, ""nav"": 1027.077, ""value"": 364401.6758797691}]"
2022-10-01,"HDFC Flexi Cap Fund (9.57%), ICICI Prudential Flexicap fund- (7.28%), Quant Flexi Cap Fund (6.06%), BANDHAN Flexi Cap Fund (2.71%), Franklin India Flexi Cap Fund (2.47%)","ICICI Prudential Flexicap fund-, Quant Flexi Cap Fund, BANDHAN Flexi Cap Fund","Navi Flexi Cap Fund, JM Flexicap Fund, Parag Parikh Flexi Cap Fund",Navi Flexi Cap Fund,22659.84,15.31,2022-07-01 00:00:00,17.16,2022-10-01 00:00:00,41956.97,1914860.54,"[{""fund"": ""HDFC Flexi Cap Fund"", ""units"": 337.7806469680633, ""nav"": 1144.296, ""value"": 386521.043202967}, {""fund"": ""JM Flexicap Fund"", ""units"": 6665.860962392715, ""nav"": 57.402, ""value"": 382633.75096326665}, {""fund"": ""Franklin India Flexi Cap Fund"", ""units"": 368.8854516005328, ""nav"": 1049.1932, ""value"": 387032.1073982081}, {""fund"": ""Parag Parikh Flexi Cap Fund"", ""units"": 7411.8082766153475, ""nav"": 49.892, ""value"": 369789.93853689294}, {""fund"": ""Navi Flexi Cap Fund"", ""units"": 22659.843342739976, ""nav"": 17.1618, ""value"": 388883.69947943493}]"
2022-10-01,"HDFC Flexi Cap Fund (9.57%), ICICI Prudential Flexicap fund- (7.28%), Quant Flexi Cap Fund (6.06%), BANDHAN Flexi Cap Fund (2.71%), Franklin India Flexi Cap Fund (2.47%)","ICICI Prudential Flexicap fund-, Quant Flexi Cap Fund, BANDHAN Flexi Cap Fund","Navi Flexi Cap Fund, JM Flexicap Fund, Parag Parikh Flexi Cap Fund",JM Flexicap Fund,6665.86,52.05,2022-07-01 00:00:00,57.4,2022-10-01 00:00:00,35707.02,1914860.54,"[{""fund"": ""HDFC Flexi Cap Fund"", ""units"": 337.7806469680633, ""nav"": 1144.296, ""value"": 386521.043202967}, {""fund"": ""JM Flexicap Fund"", ""units"": 6665.860962392715, ""nav"": 57.402, ""value"": 382633.75096326665}, {""fund"": ""Franklin India Flexi Cap Fund"", ""units"": 368.8854516005328, ""nav"": 1049.1932, ""value"": 387032.1073982081}, {""fund"": ""Parag Parikh Flexi Cap Fund"", ""units"": 7411.8082766153475, ""nav"": 49.892, ""value"": 369789.93853689294}, {""fund"": ""Navi Flexi Cap Fund"", ""units"": 22659.843342739976, ""nav"": 17.1618, ""value"": 388883.69947943493}]"
2022-10-01,"HDFC Flexi Cap Fund (9.57%), ICICI Prudential Flexicap fund- (7.28%), Quant Flexi Cap Fund (6.06%), BANDHAN Flexi Cap Fund (2.71%), Franklin India Flexi Cap Fund (2.47%)","ICICI Prudential Flexicap fund-, Quant Flexi Cap Fund, BANDHAN Flexi Cap Fund","Navi Flexi Cap Fund, JM Flexicap Fund, Parag Parikh Flexi Cap Fund",Parag Parikh Flexi Cap Fund,7411.81,54.46,2022-01-01 00:00:00,49.89,2022-10-01 00:00:00,-33843.06,1914860.54,"[{""fund"": ""HDFC Flexi Cap Fund"", ""units"": 337.7806469680633, ""nav"": 1144.296, ""value"": 386521.043202967}, {""fund"": ""JM Flexicap Fund"", ""units"": 6665.860962392715, ""nav"": 57.402, ""value"": 382633.75096326665}, {""fund"": ""Franklin India Flexi Cap Fund"", ""units"": 368.8854516005328, ""nav"": 1049.1932, ""value"": 387032.1073982081}, {""fund"": ""Parag Parikh Flexi Cap Fund"", ""units"": 7411.8082766153475, ""nav"": 49.892, ""value"": 369789.93853689294}, {""fund"": ""Navi Flexi Cap Fund"", ""units"": 22659.843342739976, ""nav"": 17.1618, ""value"": 388883.69947943493}]"
2023-01-01,"HDFC Flexi Cap Fund (19.09%), Quant Flexi Cap Fund (12.37%), ICICI Prudential Flexicap fund- (10.38%), JM Flexicap Fund (8.69%), Franklin India Flexi Cap Fund (6.1%)",JM Flexicap Fund,BANDHAN Flexi Cap Fund,BANDHAN Flexi Cap Fund,2618.54,146.25,2022-10-01 00:00:00,148.06,2023-01-01 00:00:00,4731.7,2008479.99,"[{""fund"": ""HDFC Flexi Cap Fund"", ""units"": 334.6792332719453, ""nav"": 1239.765, ""value"": 414923.5996373933}, {""fund"": ""ICICI Prudential Flexicap fund-"", ""units"": 33301.92242749164, ""nav"": 11.91, ""value"": 396625.8961114255}, {""fund"": ""Quant Flexi Cap Fund"", ""units"": 5882.096204867811, ""nav"": 69.0027, ""value"": 405880.51979563216}, {""fund"": ""BANDHAN Flexi Cap Fund"", ""units"": 2618.5410854824754, ""nav"": 148.061, ""value"": 387703.8116576208}, {""fund"": ""Franklin India Flexi Cap Fund"", ""units"": 365.0158120698399, ""nav"": 1105.0101, ""value"": 403346.158996875}]"
2023-04-01,"HDFC Flexi Cap Fund (9.53%), ICICI Prudential Flexicap fund- (5.25%), JM Flexicap Fund (4.9%), Kotak Flexicap Fund (2.02%), Quant Flexi Cap Fund (1.62%)",Kotak Flexicap Fund,Franklin India Flexi Cap Fund,Franklin India Flexi Cap Fund,363.52,940.47,2022-07-01 00:00:00,1056.3,2023-04-01 00:00:00,42104.12,1922445.59,"[{""fund"": ""HDFC Flexi Cap Fund"", ""units"": 324.00978995195806, ""nav"": 1207.796, ""value"": 391337.7282648152}, {""fund"": ""Quant Flexi Cap Fund"", ""units"": 5821.453323417624, ""nav"": 63.9487, ""value"": 372274.37214323663}, {""fund"": ""ICICI Prudential Flexicap fund-"", ""units"": 33727.62361375225, ""nav"": 11.42, ""value"": 385169.4616690507}, {""fund"": ""JM Flexicap Fund"", ""units"": 6538.861559995334, ""nav"": 59.594, ""value"": 389676.91580636194}, {""fund"": ""Franklin India Flexi Cap Fund"", ""units"": 363.52246666323623, ""nav"": 1056.2954, ""value"": 383987.1093330298}]"
2023-07-01,"JM Flexicap Fund (32.92%), HDFC Flexi Cap Fund (31.74%), Quant Flexi Cap Fund (29.43%), Mahindra Manulife Flexi Cap Fund (28.89%), DSP Flexi Cap Fund (28.72%)","Mahindra Manulife Flexi Cap Fund, DSP Flexi Cap Fund","Kotak Flexicap Fund, ICICI Prudential Flexicap fund-",Kotak Flexicap Fund,6567.08,58.55,2023-04-01 00:00:00,64.73,2023-07-01 00:00:00,40610.79,2175372.13,"[{""fund"": ""HDFC Flexi Cap Fund"", ""units"": 318.3394525592888, ""nav"": 1353.096, ""value"": 430743.83990016347}, {""fund"": ""ICICI Prudential Flexicap fund-"", ""units"": 33668.04881289832, ""nav"": 13.12, ""value"": 441724.8004252259}, {""fund"": ""JM Flexicap Fund"", ""units"": 6451.809199639205, ""nav"": 69.1771, ""value"": 446317.4501843612}, {""fund"": ""Kotak Flexicap Fund"", ""units"": 6567.075176663571, ""nav"": 64.732, ""value"": 425099.9103357863}, {""fund"": ""Quant Flexi Cap Fund"", ""units"": 6012.461823982329, ""nav"": 71.7653, ""value"": 431486.12653663906}]"
2023-07-01,"JM Flexicap Fund (32.92%), HDFC Flexi Cap Fund (31.74%), Quant Flexi Cap Fund (29.43%), Mahindra Manulife Flexi Cap Fund (28.89%), DSP Flexi Cap Fund (28.72%)","Mahindra Manulife Flexi Cap Fund, DSP Flexi Cap Fund","Kotak Flexicap Fund, ICICI Prudential Flexicap fund-",ICICI Prudential Flexicap fund-,33668.05,11.5,2022-10-01 00:00:00,13.12,2023-07-01 00:00:00,54542.24,2175372.13,"[{""fund"": ""HDFC Flexi Cap Fund"", ""units"": 318.3394525592888, ""nav"": 1353.096, ""value"": 430743.83990016347}, {""fund"": ""ICICI Prudential Flexicap fund-"", ""units"": 33668.04881289832, ""nav"": 13.12, ""value"": 441724.8004252259}, {""fund"": ""JM Flexicap Fund"", ""units"": 6451.809199639205, ""nav"": 69.1771, ""value"": 446317.4501843612}, {""fund"": ""Kotak Flexicap Fund"", ""units"": 6567.075176663571, ""nav"": 64.732, ""value"": 425099.9103357863}, {""fund"": ""Quant Flexi Cap Fund"", ""units"": 6012.461823982329, ""nav"": 71.7653, ""value"": 431486.12653663906}]"
2023-10-01,"JM Flexicap Fund (32.35%), BANK OF INDIA FLEXI CAP FUND (26.42%), HDFC Flexi Cap Fund (26.06%), Parag Parikh Flexi Cap Fund (25.95%), Mahindra Manulife Flexi Cap Fund (25.06%)","BANK OF INDIA FLEXI CAP FUND, Parag Parikh Flexi Cap Fund","Quant Flexi Cap Fund, DSP Flexi Cap Fund",Quant Flexi Cap Fund,6062.46,65.11,2022-10-01 00:00:00,78.52,2023-10-01 00:00:00,81312.78,2353358.55,"[{""fund"": ""JM Flexicap Fund"", ""units"": 6289.283960681139, ""nav"": 75.9739, ""value"": 477821.4307003928}, {""fund"": ""HDFC Flexi Cap Fund"", ""units"": 321.5399539104655, ""nav"": 1442.501, ""value"": 463821.7050558004}, {""fund"": ""Quant Flexi Cap Fund"", ""units"": 6062.46229691, ""nav"": 78.5206, ""value"": 476028.17703075137}, {""fund"": ""Mahindra Manulife Flexi Cap Fund"", ""units"": 36269.19858586287, ""nav"": 12.8677, ""value"": 466701.1666433076}, {""fund"": ""DSP Flexi Cap Fund"", ""units"": 5597.82848455309, ""nav"": 83.78, ""value"": 468986.07043585787}]"
2023-10-01,"JM Flexicap Fund (32.35%), BANK OF INDIA FLEXI CAP FUND (26.42%), HDFC Flexi Cap Fund (26.06%), Parag Parikh Flexi Cap Fund (25.95%), Mahindra Manulife Flexi Cap Fund (25.06%)","BANK OF INDIA FLEXI CAP FUND, Parag Parikh Flexi Cap Fund","Quant Flexi Cap Fund, DSP Flexi Cap Fund",DSP Flexi Cap Fund,5597.83,77.72,2023-07-01 00:00:00,83.78,2023-10-01 00:00:00,33911.64,2353358.55,"[{""fund"": ""JM Flexicap Fund"", ""units"": 6289.283960681139, ""nav"": 75.9739, ""value"": 477821.4307003928}, {""fund"": ""HDFC Flexi Cap Fund"", ""units"": 321.5399539104655, ""nav"": 1442.501, ""value"": 463821.7050558004}, {""fund"": ""Quant Flexi Cap Fund"", ""units"": 6062.46229691, ""nav"": 78.5206, ""value"": 476028.17703075137}, {""fund"": ""Mahindra Manulife Flexi Cap Fund"", ""units"": 36269.19858586287, ""nav"": 12.8677, ""value"": 466701.1666433076}, {""fund"": ""DSP Flexi Cap Fund"", ""units"": 5597.82848455309, ""nav"": 83.78, ""value"": 468986.07043585787}]"
2024-01-01,"JM Flexicap Fund (42.14%), BANK OF INDIA FLEXI CAP FUND (40.3%), Parag Parikh Flexi Cap Fund (38.07%), Invesco India Flexi Cap Fund (35.55%), Nippon India Flexi Cap Fund (34.87%)","Invesco India Flexi Cap Fund, Nippon India Flexi Cap Fund","Mahindra Manulife Flexi Cap Fund, HDFC Flexi Cap Fund",Mahindra Manulife Flexi Cap Fund,36577.77,12.0,2023-07-01 00:00:00,14.22,2024-01-01 00:00:00,81356.27,2668231.39,"[{""fund"": ""JM Flexicap Fund"", ""units"": 6195.1763694271585, ""nav"": 87.317, ""value"": 540944.2150492711}, {""fund"": ""BANK OF INDIA FLEXI CAP FUND"", ""units"": 18736.931129507244, ""nav"": 29.21, ""value"": 547305.7582929066}, {""fund"": ""HDFC Flexi Cap Fund"", ""units"": 326.28865420074027, ""nav"": 1630.733, ""value"": 532089.6759307358}, {""fund"": ""Parag Parikh Flexi Cap Fund"", ""units"": 7489.977911802031, ""nav"": 70.4621, ""value"": 527759.5726191859}, {""fund"": ""Mahindra Manulife Flexi Cap Fund"", ""units"": 36577.76525511335, ""nav"": 14.2199, ""value"": 520132.16415118636}]"
2024-01-01,"JM Flexicap Fund (42.14%), BANK OF INDIA FLEXI CAP FUND (40.3%), Parag Parikh Flexi Cap Fund (38.07%), Invesco India Flexi Cap Fund (35.55%), Nippon India Flexi Cap Fund (34.87%)","Invesco India Flexi Cap Fund, Nippon India Flexi Cap Fund","Mahindra Manulife Flexi Cap Fund, HDFC Flexi Cap Fund",HDFC Flexi Cap Fund,326.29,1102.67,2022-04-01 00:00:00,1630.73,2024-01-01 00:00:00,172299.99,2668231.39,"[{""fund"": ""JM Flexicap Fund"", ""units"": 6195.1763694271585, ""nav"": 87.317, ""value"": 540944.2150492711}, {""fund"": ""BANK OF INDIA FLEXI CAP FUND"", ""units"": 18736.931129507244, ""nav"": 29.21, ""value"": 547305.7582929066}, {""fund"": ""HDFC Flexi Cap Fund"", ""units"": 326.28865420074027, ""nav"": 1630.733, ""value"": 532089.6759307358}, {""fund"": ""Parag Parikh Flexi Cap Fund"", ""units"": 7489.977911802031, ""nav"": 70.4621, ""value"": 527759.5726191859}, {""fund"": ""Mahindra Manulife Flexi Cap Fund"", ""units"": 36577.76525511335, ""nav"": 14.2199, ""value"": 520132.16415118636}]"
2024-04-01,"BANK OF INDIA FLEXI CAP FUND (65.41%), Quant Flexi Cap Fund (62.86%), JM Flexicap Fund (61.3%), Motilal Oswal Flexi Cap Fund (57.75%), ITI Flexi Cap Fund (57.4%)","Quant Flexi Cap Fund, Motilal Oswal Flexi Cap Fund, ITI Flexi Cap Fund","Invesco India Flexi Cap Fund, Parag Parikh Flexi Cap Fund, Nippon India Flexi Cap Fund",Invesco India Flexi Cap Fund,36828.59,14.49,2024-01-01 00:00:00,15.69,2024-04-01 00:00:00,44194.31,2883852.16,"[{""fund"": ""JM Flexicap Fund"", ""units"": 6111.596564342079, ""nav"": 96.1256, ""value"": 587480.8867053209}, {""fund"": ""BANK OF INDIA FLEXI CAP FUND"", ""units"": 18269.300828779775, ""nav"": 32.8, ""value"": 599233.0671839765}, {""fund"": ""Parag Parikh Flexi Cap Fund"", ""units"": 7573.52218013169, ""nav"": 75.7331, ""value"": 573566.3126201313}, {""fund"": ""Invesco India Flexi Cap Fund"", ""units"": 36828.590559603676, ""nav"": 15.69, ""value"": 577840.5858801816}, {""fund"": ""Nippon India Flexi Cap Fund"", ""units"": 36074.73076149595, ""nav"": 15.1278, ""value"": 545731.3120137585}]"
2024-04-01,"BANK OF INDIA FLEXI CAP FUND (65.41%), Quant Flexi Cap Fund (62.86%), JM Flexicap Fund (61.3%), Motilal Oswal Flexi Cap Fund (57.75%), ITI Flexi Cap Fund (57.4%)","Quant Flexi Cap Fund, Motilal Oswal Flexi Cap Fund, ITI Flexi Cap Fund","Invesco India Flexi Cap Fund, Parag Parikh Flexi Cap Fund, Nippon India Flexi Cap Fund",Parag Parikh Flexi Cap Fund,7573.52,62.84,2023-10-01 00:00:00,75.73,2024-04-01 00:00:00,97644.66,2883852.16,"[{""fund"": ""JM Flexicap Fund"", ""units"": 6111.596564342079, ""nav"": 96.1256, ""value"": 587480.8867053209}, {""fund"": ""BANK OF INDIA FLEXI CAP FUND"", ""units"": 18269.300828779775, ""nav"": 32.8, ""value"": 599233.0671839765}, {""fund"": ""Parag Parikh Flexi Cap Fund"", ""units"": 7573.52218013169, ""nav"": 75.7331, ""value"": 573566.3126201313}, {""fund"": ""Invesco India Flexi Cap Fund"", ""units"": 36828.590559603676, ""nav"": 15.69, ""value"": 577840.5858801816}, {""fund"": ""Nippon India Flexi Cap Fund"", ""units"": 36074.73076149595, ""nav"": 15.1278, ""value"": 545731.3120137585}]"
2024-04-01,"BANK OF INDIA FLEXI CAP FUND (65.41%), Quant Flexi Cap Fund (62.86%), JM Flexicap Fund (61.3%), Motilal Oswal Flexi Cap Fund (57.75%), ITI Flexi Cap Fund (57.4%)","Quant Flexi Cap Fund, Motilal Oswal Flexi Cap Fund, ITI Flexi Cap Fund","Invesco India Flexi Cap Fund, Parag Parikh Flexi Cap Fund, Nippon India Flexi Cap Fund",Nippon India Flexi Cap Fund,36074.73,14.79,2024-01-01 00:00:00,15.13,2024-04-01 00:00:00,12085.03,2883852.16,"[{""fund"": ""JM Flexicap Fund"", ""units"": 6111.596564342079, ""nav"": 96.1256, ""value"": 587480.8867053209}, {""fund"": ""BANK OF INDIA FLEXI CAP FUND"", ""units"": 18269.300828779775, ""nav"": 32.8, ""value"": 599233.0671839765}, {""fund"": ""Parag Parikh Flexi Cap Fund"", ""units"": 7573.52218013169, ""nav"": 75.7331, ""value"": 573566.3126201313}, {""fund"": ""Invesco India Flexi Cap Fund"", ""units"": 36828.590559603676, ""nav"": 15.69, ""value"": 577840.5858801816}, {""fund"": ""Nippon India Flexi Cap Fund"", ""units"": 36074.73076149595, ""nav"": 15.1278, ""value"": 545731.3120137585}]"
2024-07-01,"BANK OF INDIA FLEXI CAP FUND (69.22%), JM Flexicap Fund (68.56%), Quant Flexi Cap Fund (63.02%), Motilal Oswal Flexi Cap Fund (58.07%), ITI Flexi Cap Fund (56.61%)",,,,,,,,,,3347589.26,"[{""fund"": ""BANK OF INDIA FLEXI CAP FUND"", ""units"": 17584.464417093714, ""nav"": 37.82, ""value"": 665044.4442544843}, {""fund"": ""Quant Flexi Cap Fund"", ""units"": 5538.185314805263, ""nav"": 116.9942, ""value"": 647935.56035739}, {""fund"": ""JM Flexicap Fund"", ""units"": 6000.17511340032, ""nav"": 116.6036, ""value"": 699642.0188528856}, {""fund"": ""Motilal Oswal Flexi Cap Fund"", ""units"": 10783.960707587374, ""nav"": 61.6522, ""value"": 664854.9023363183}, {""fund"": ""ITI Flexi Cap Fund"", ""units"": 36793.68407868649, ""nav"": 18.2127, ""value"": 670112.3300198936}]"
2024-10-01,"Motilal Oswal Flexi Cap Fund (65.47%), JM Flexicap Fund (61.88%), NJ Flexi Cap Fund (58.6%), Invesco India Flexi Cap Fund (57.47%), BANK OF INDIA FLEXI CAP FUND (57.25%)","NJ Flexi Cap Fund, Invesco India Flexi Cap Fund","ITI Flexi Cap Fund, Quant Flexi Cap Fund",ITI Flexi Cap Fund,36761.04,15.68,2024-04-01 00:00:00,19.36,2024-10-01 00:00:00,135530.61,3576670.14,"[{""fund"": ""BANK OF INDIA FLEXI CAP FUND"", ""units"": 17702.745932421847, ""nav"": 39.5, ""value"": 699258.464330663}, {""fund"": ""JM Flexicap Fund"", ""units"": 5741.8283068806995, ""nav"": 122.989, ""value"": 706181.7216349504}, {""fund"": ""Quant Flexi Cap Fund"", ""units"": 5722.658483618797, ""nav"": 121.8989, ""value"": 697585.7742287993}, {""fund"": ""Motilal Oswal Flexi Cap Fund"", ""units"": 10859.593837108721, ""nav"": 70.155, ""value"": 761854.8056423623}, {""fund"": ""ITI Flexi Cap Fund"", ""units"": 36761.04318218574, ""nav"": 19.3626, ""value"": 711789.3747193897}]"
2024-10-01,"Motilal Oswal Flexi Cap Fund (65.47%), JM Flexicap Fund (61.88%), NJ Flexi Cap Fund (58.6%), Invesco India Flexi Cap Fund (57.47%), BANK OF INDIA FLEXI CAP FUND (57.25%)","NJ Flexi Cap Fund, Invesco India Flexi Cap Fund","ITI Flexi Cap Fund, Quant Flexi Cap Fund",Quant Flexi Cap Fund,5722.66,104.14,2024-04-01 00:00:00,121.9,2024-10-01 00:00:00,101603.51,3576670.14,"[{""fund"": ""BANK OF INDIA FLEXI CAP FUND"", ""units"": 17702.745932421847, ""nav"": 39.5, ""value"": 699258.464330663}, {""fund"": ""JM Flexicap Fund"", ""units"": 5741.8283068806995, ""nav"": 122.989, ""value"": 706181.7216349504}, {""fund"": ""Quant Flexi Cap Fund"", ""units"": 5722.658483618797, ""nav"": 121.8989, ""value"": 697585.7742287993}, {""fund"": ""Motilal Oswal Flexi Cap Fund"", ""units"": 10859.593837108721, ""nav"": 70.155, ""value"": 761854.8056423623}, {""fund"": ""ITI Flexi Cap Fund"", ""units"": 36761.04318218574, ""nav"": 19.3626, ""value"": 711789.3747193897}]"
2025-01-01,"Motilal Oswal Flexi Cap Fund (48.15%), Invesco India Flexi Cap Fund (37.34%), JM Flexicap Fund (35.49%), BANK OF INDIA FLEXI CAP FUND (31.39%), Helios Flexi Cap Fund (30.31%)",Helios Flexi Cap Fund,NJ Flexi Cap Fund,NJ Flexi Cap Fund,44569.1,16.05,2024-10-01 00:00:00,14.11,2025-01-01 00:00:00,-86464.05,3449600.0,"[{""fund"": ""Motilal Oswal Flexi Cap Fund"", ""units"": 10196.47962527593, ""nav"": 70.9024, ""value"": 722954.8769831641}, {""fund"": ""JM Flexicap Fund"", ""units"": 5816.243957681036, ""nav"": 118.308, ""value"": 688108.1901453281}, {""fund"": ""NJ Flexi Cap Fund"", ""units"": 44569.09832468741, ""nav"": 14.11, ""value"": 628869.9773613394}, {""fund"": ""Invesco India Flexi Cap Fund"", ""units"": 35910.342776668316, ""nav"": 19.9, ""value"": 714615.8212556995}, {""fund"": ""BANK OF INDIA FLEXI CAP FUND"", ""units"": 18109.722230664123, ""nav"": 38.38, ""value"": 695051.1392128891}]"
2025-04-01,"Motilal Oswal Flexi Cap Fund (16.19%), HDFC Flexi Cap Fund (13.58%), Parag Parikh Flexi Cap Fund (12.19%), DSP Flexi Cap Fund (11.55%), 360 ONE Flexicap Fund (11.26%)","HDFC Flexi Cap Fund, Parag Parikh Flexi Cap Fund, DSP Flexi Cap Fund, 360 ONE Flexicap Fund","BANK OF INDIA FLEXI CAP FUND, Helios Flexi Cap Fund, JM Flexicap Fund, Invesco India Flexi Cap Fund",BANK OF INDIA FLEXI CAP FUND,17976.03,25.12,2023-10-01 00:00:00,33.9,2025-04-01 00:00:00,157829.54,3035690.67,"[{""fund"": ""Motilal Oswal Flexi Cap Fund"", ""units"": 9730.559205212856, ""nav"": 62.1415, ""value"": 604671.5448507346}, {""fund"": ""Invesco India Flexi Cap Fund"", ""units"": 34669.346783501715, ""nav"": 17.39, ""value"": 602899.9405650948}, {""fund"": ""JM Flexicap Fund"", ""units"": 5831.55831382226, ""nav"": 102.0803, ""value"": 595287.2221424704}, {""fund"": ""BANK OF INDIA FLEXI CAP FUND"", ""units"": 17976.029207704116, ""nav"": 33.9, ""value"": 609387.3901411695}, {""fund"": ""Helios Flexi Cap Fund"", ""units"": 47482.450171485485, ""nav"": 13.13, ""value"": 623444.5707516045}]"
2025-04-01,"Motilal Oswal Flexi Cap Fund (16.19%), HDFC Flexi Cap Fund (13.58%), Parag Parikh Flexi Cap Fund (12.19%), DSP Flexi Cap Fund (11.55%), 360 ONE Flexicap Fund (11.26%)","HDFC Flexi Cap Fund, Parag Parikh Flexi Cap Fund, DSP Flexi Cap Fund, 360 ONE Flexicap Fund","BANK OF INDIA FLEXI CAP FUND, Helios Flexi Cap Fund, JM Flexicap Fund, Invesco India Flexi Cap Fund",Helios Flexi Cap Fund,47482.45,14.53,2025-01-01 00:00:00,13.13,2025-04-01 00:00:00,-66475.43,3035690.67,"[{""fund"": ""Motilal Oswal Flexi Cap Fund"", ""units"": 9730.559205212856, ""nav"": 62.1415, ""value"": 604671.5448507346}, {""fund"": ""Invesco India Flexi Cap Fund"", ""units"": 34669.346783501715, ""nav"": 17.39, ""value"": 602899.9405650948}, {""fund"": ""JM Flexicap Fund"", ""units"": 5831.55831382226, ""nav"": 102.0803, ""value"": 595287.2221424704}, {""fund"": ""BANK OF INDIA FLEXI CAP FUND"", ""units"": 17976.029207704116, ""nav"": 33.9, ""value"": 609387.3901411695}, {""fund"": ""Helios Flexi Cap Fund"", ""units"": 47482.450171485485, ""nav"": 13.13, ""value"": 623444.5707516045}]"
2025-04-01,"Motilal Oswal Flexi Cap Fund (16.19%), HDFC Flexi Cap Fund (13.58%), Parag Parikh Flexi Cap Fund (12.19%), DSP Flexi Cap Fund (11.55%), 360 ONE Flexicap Fund (11.26%)","HDFC Flexi Cap Fund, Parag Parikh Flexi Cap Fund, DSP Flexi Cap Fund, 360 ONE Flexicap Fund","BANK OF INDIA FLEXI CAP FUND, Helios Flexi Cap Fund, JM Flexicap Fund, Invesco India Flexi Cap Fund",JM Flexicap Fund,5831.56,61.43,2023-01-01 00:00:00,102.08,2025-04-01 00:00:00,237042.35,3035690.67,"[{""fund"": ""Motilal Oswal Flexi Cap Fund"", ""units"": 9730.559205212856, ""nav"": 62.1415, ""value"": 604671.5448507346}, {""fund"": ""Invesco India Flexi Cap Fund"", ""units"": 34669.346783501715, ""nav"": 17.39, ""value"": 602899.9405650948}, {""fund"": ""JM Flexicap Fund"", ""units"": 5831.55831382226, ""nav"": 102.0803, ""value"": 595287.2221424704}, {""fund"": ""BANK OF INDIA FLEXI CAP FUND"", ""units"": 17976.029207704116, ""nav"": 33.9, ""value"": 609387.3901411695}, {""fund"": ""Helios Flexi Cap Fund"", ""units"": 47482.450171485485, ""nav"": 13.13, ""value"": 623444.5707516045}]"
2025-04-01,"Motilal Oswal Flexi Cap Fund (16.19%), HDFC Flexi Cap Fund (13.58%), Parag Parikh Flexi Cap Fund (12.19%), DSP Flexi Cap Fund (11.55%), 360 ONE Flexicap Fund (11.26%)","HDFC Flexi Cap Fund, Parag Parikh Flexi Cap Fund, DSP Flexi Cap Fund, 360 ONE Flexicap Fund","BANK OF INDIA FLEXI CAP FUND, Helios Flexi Cap Fund, JM Flexicap Fund, Invesco India Flexi Cap Fund",Invesco India Flexi Cap Fund,34669.35,19.92,2024-10-01 00:00:00,17.39,2025-04-01 00:00:00,-87713.45,3035690.67,"[{""fund"": ""Motilal Oswal Flexi Cap Fund"", ""units"": 9730.559205212856, ""nav"": 62.1415, ""value"": 604671.5448507346}, {""fund"": ""Invesco India Flexi Cap Fund"", ""units"": 34669.346783501715, ""nav"": 17.39, ""value"": 602899.9405650948}, {""fund"": ""JM Flexicap Fund"", ""units"": 5831.55831382226, ""nav"": 102.0803, ""value"": 595287.2221424704}, {""fund"": ""BANK OF INDIA FLEXI CAP FUND"", ""units"": 17976.029207704116, ""nav"": 33.9, ""value"": 609387.3901411695}, {""fund"": ""Helios Flexi Cap Fund"", ""units"": 47482.450171485485, ""nav"": 13.13, ""value"": 623444.5707516045}]"
